id,email,credit_card_type,account_type
5,rkauschke4@si.edu,jcb,3XL
7,tvarnam6@blog.com,jcb,3XL
11,gquartleya@t-online.de,switch,S
14,sheddend@is.gd,visa,L
15,rmatthensene@youtube.com,americanexpress,3XL
17,ublaikg@nhs.uk,jcb,M
20,hpostinj@list-manage.com,mastercard,S
23,smaxwellm@mlb.com,diners-club-carte-blanche,3XL
29,hniscos@facebook.com,jcb,S
33,tpeterkinw@accuweather.com,americanexpress,XL
35,jhonischy@furl.net,jcb,L
36,pibbsz@smh.com.au,jcb,M
37,hbrighty10@hugedomains.com,instapayment,XL
38,snitti11@huffingtonpost.com,switch,S
39,gscaplehorn12@fotki.com,jcb,M
43,ashawcross16@google.de,jcb,S
44,nshillaber17@ucsd.edu,jcb,2XL
46,lcastillou19@joomla.org,switch,XS
49,agirardini1c@360.cn,jcb,2XL
52,mdaingerfield1f@miibeian.gov.cn,jcb,2XL
62,mruckledge1p@rakuten.co.jp,china-unionpay,2XL
63,athreadgall1q@nsw.gov.au,visa-electron,XS
69,rbennion1w@youku.com,jcb,L
70,lbold1x@jiathis.com,diners-club-carte-blanche,L
75,sgavrielly22@cam.ac.uk,laser,2XL
76,tseverns23@wikimedia.org,jcb,2XL
85,aclaasen2c@twitter.com,maestro,2XL
95,ppenhaleurack2m@163.com,jcb,L
99,acambridge2q@godaddy.com,jcb,S
103,cbridal2u@cloudflare.com,laser,XL
104,dlarroway2v@weibo.com,mastercard,XS
107,swither2y@omniture.com,maestro,XL
109,bdresche30@facebook.com,jcb,S
112,eladloe33@reverbnation.com,jcb,XS
115,cmcaless36@ucsd.edu,visa-electron,XS
116,nconnue37@ustream.tv,china-unionpay,M
117,smacellar38@amazon.de,maestro,S
123,fherity3e@clickbank.net,china-unionpay,L
124,rmcquilliam3f@amazon.de,jcb,XS
132,dpantin3n@businesswire.com,diners-club-carte-blanche,M
135,jcesco3q@github.com,maestro,S
138,nmacgahy3t@google.ca,jcb,M
141,ajiggins3w@studiopress.com,visa-electron,S
142,cbrymham3x@usa.gov,diners-club-international,3XL
148,crosenbloom43@google.it,china-unionpay,XL
150,clack45@amazon.co.uk,switch,XL
155,mliddiard4a@unc.edu,mastercard,S
156,bhallahan4b@barnesandnoble.com,jcb,M
160,kmattei4f@free.fr,jcb,XL
163,rmadge4i@livejournal.com,jcb,XL
168,vcamamile4n@hugedomains.com,switch,S
170,rannakin4p@feedburner.com,diners-club-us-ca,S
171,ecisar4q@nasa.gov,jcb,3XL
177,bdymocke4w@businessweek.com,instapayment,L
179,sdobrovolski4y@noaa.gov,jcb,3XL
183,epiercy52@netlog.com,jcb,L
184,nsiuda53@4shared.com,laser,XL
188,bgoneau57@printfriendly.com,jcb,XS
189,ltrouncer58@cnbc.com,visa-electron,2XL
192,ksones5b@tuttocitta.it,jcb,L
207,pbrittlebank5q@cam.ac.uk,diners-club-enroute,2XL
210,aroome5t@deviantart.com,jcb,M
211,fbrandts5u@cam.ac.uk,mastercard,S
212,npearlman5v@hhs.gov,diners-club-enroute,XS
217,dclabburn60@blogtalkradio.com,visa,M
219,sjendrich62@arizona.edu,maestro,2XL
222,lgaynes65@scientificamerican.com,jcb,XS
223,sguinan66@webs.com,jcb,XS
224,cbranchett67@yelp.com,jcb,S
225,adeamaya68@virginia.edu,jcb,2XL
227,opelchat6a@feedburner.com,jcb,L
233,thinners6g@examiner.com,jcb,XS
234,rhousam6h@java.com,mastercard,2XL
240,bigo6n@mashable.com,jcb,L
257,kolczyk74@admin.ch,diners-club-carte-blanche,L
260,mclaeskens77@independent.co.uk,china-unionpay,L
272,ddyhouse7j@epa.gov,china-unionpay,2XL
275,hkempshall7m@wp.com,bankcard,S
278,cwaghorn7p@hhs.gov,visa,L
279,jmeriot7q@tripadvisor.com,jcb,XS
280,tpittet7r@vistaprint.com,jcb,XL
282,vrobyns7t@soup.io,visa,3XL
283,ptebald7u@123-reg.co.uk,maestro,M
287,cleile7y@ustream.tv,jcb,3XL
295,gguislin86@purevolume.com,jcb,XL
